provider,model,q101,q102,q201,q202,q301,q302,q303,q304,q401,q402,q403,q501,q502,q503,q601,q602,q701,q702,q703,total_score,percentage_score
AMD MI300X,deepseek_v3_1_run1,30,30,30,30,27,30,27,20,30,20,30,30,14,20,30,27,30,30,30,515,90.35
AMD MI300X,deepseek_v3_1_run2,30,30,30,30,29,30,27,20,30,26,30,30,16,26,30,25,30,30,30,529,92.81
AMD MI300X,deepseek_v3_1_run3,30,30,30,30,30,30,24,21,30,29,30,30,20,21,30,28,30,30,30,533,93.51
AMD MI300X,deepseek_v3_1_run4,30,30,30,30,28,30,27,23,30,23,29,30,15,29,30,28,30,30,30,532,93.33
AMD MI300X,deepseek_v3_1_run5,30,30,30,30,29,30,27,21,30,27,29,30,18,24,29,25,30,30,30,529,92.81
AMD MI300X,deepseek_v3_1_run6,30,30,30,29,29,29,24,20,30,26,30,30,12,23,30,28,30,30,30,520,91.23
AMD MI300X,deepseek_v3_1_run7,30,30,30,30,30,30,26,22,30,20,30,30,19,27,30,23,30,30,30,527,92.46
AMD MI300X,deepseek_v3_1_run8,30,30,30,30,29,30,24,21,30,23,29,30,13,24,30,26,30,30,30,519,91.05
AMD MI300X,deepseek_v3_run1,30,30,30,30,30,28,0,0,4,6,6,15,9,26,30,1,30,0,30,335,58.77
AMD MI300X,deepseek_v3_run2,30,30,30,30,30,28,0,0,4,2,8,18,10,28,30,3,30,0,30,341,59.82
AMD MI300X,deepseek_v3_run3,30,30,30,29,30,30,0,1,7,3,8,14,9,24,30,2,30,0,30,337,59.12
AMD MI300X,deepseek_v3_run4,30,30,30,30,30,29,0,0,7,5,7,14,10,27,30,2,30,0,30,341,59.82
AMD MI300X,deepseek_v3_run5,30,30,30,29,30,30,1,0,6,4,7,15,6,27,30,2,30,0,30,337,59.12
AMD MI300X,deepseek_v3_run6,30,30,30,30,30,29,0,2,6,4,4,15,10,25,30,2,30,0,30,337,59.12
AMD MI300X,deepseek_v3_run7,30,30,30,29,30,30,1,1,5,5,3,17,8,28,30,3,30,0,30,340,59.65
AMD MI300X,deepseek_v3_run8,30,30,30,30,30,30,0,1,6,1,9,20,4,27,30,1,30,0,30,339,59.47
AMD MI300X,glm_4_5_air_run1,30,30,30,29,30,30,18,3,13,20,23,26,17,30,26,27,29,1,30,442,77.54
AMD MI300X,glm_4_5_air_run2,30,30,30,29,30,30,16,1,10,21,25,23,15,29,26,23,28,0,30,426,74.74
AMD MI300X,glm_4_5_air_run3,29,30,29,30,30,29,15,0,10,20,24,24,16,29,23,23,27,0,30,418,73.33
AMD MI300X,glm_4_5_air_run4,30,30,30,29,30,30,14,4,13,20,27,25,14,28,25,22,27,0,30,428,75.09
AMD MI300X,glm_4_5_air_run5,30,30,30,30,30,30,20,1,12,21,25,26,16,29,25,20,28,0,30,433,75.96
AMD MI300X,glm_4_5_run1,30,30,30,30,30,30,23,9,22,16,28,30,23,29,29,26,29,30,30,504,88.42
AMD MI300X,glm_4_5_run2,30,30,30,29,30,30,22,12,17,12,28,30,17,30,30,27,30,30,30,494,86.67
AMD MI300X,glm_4_5_run3,30,30,30,30,30,30,19,9,18,14,28,30,21,30,30,27,30,30,30,496,87.02
AMD MI300X,glm_4_5_run4,30,30,30,30,30,30,19,13,23,14,26,30,14,29,28,27,30,30,30,493,86.49
AMD MI300X,glm_4_5_run5,30,30,30,29,30,30,18,15,27,9,28,30,24,30,30,29,30,30,30,509,89.3
AMD MI300X,glm_4_5_run6,30,30,30,30,30,30,20,9,21,20,27,30,19,30,29,27,30,30,30,502,88.07
AMD MI300X,glm_4_5_run7,30,30,30,30,30,30,18,12,23,16,30,30,16,30,30,29,30,30,30,504,88.42
AMD MI300X,glm_4_5_run8,30,30,30,30,30,30,22,19,19,21,29,30,18,30,30,29,30,30,30,517,90.7
AMD MI300X,glm_4_6_run1,30,30,30,30,30,30,21,11,29,30,30,30,21,30,30,30,30,30,30,532,93.33
AMD MI300X,glm_4_6_run2,30,30,30,30,30,30,18,6,28,29,30,30,21,30,30,30,30,30,30,522,91.58
AMD MI300X,glm_4_6_run3,30,30,30,30,30,30,22,8,29,29,30,30,23,30,30,30,30,30,30,531,93.16
AMD MI300X,glm_4_6_run4,30,30,30,30,30,30,24,16,28,29,30,30,21,30,30,28,30,30,30,536,94.04
AMD MI300X,glm_4_6_run5,30,30,30,30,30,29,21,11,26,29,30,30,21,30,30,29,30,30,30,526,92.28
AMD MI300X,glm_4_6_run6,30,30,30,30,30,30,20,7,28,30,30,30,18,30,30,29,30,30,30,522,91.58
AMD MI300X,glm_4_6_run7,30,30,30,30,30,30,16,8,26,29,30,30,20,30,30,29,30,30,30,518,90.88
AMD MI300X,glm_4_6_run8,30,30,30,30,30,30,19,14,29,30,30,30,23,30,30,29,30,30,30,534,93.68
AMD MI300X,granite_4_0_h_micro_run1,28,26,29,9,1,1,0,0,0,0,0,0,0,7,0,0,0,0,0,101,17.72
AMD MI300X,granite_4_0_h_micro_run2,29,28,27,4,6,1,0,0,0,0,0,0,0,4,0,0,0,0,0,99,17.37
AMD MI300X,granite_4_0_h_micro_run3,30,26,23,6,1,0,0,0,0,0,0,0,0,4,0,0,0,0,0,90,15.79
AMD MI300X,granite_4_0_h_micro_run4,30,30,29,6,2,0,0,0,0,0,0,0,0,5,0,0,0,0,0,102,17.89
AMD MI300X,granite_4_0_h_micro_run5,29,25,29,8,3,1,0,0,0,0,0,0,0,4,0,0,0,0,0,99,17.37
AMD MI300X,granite_4_0_h_micro_run6,30,29,28,5,3,1,0,0,0,0,0,0,0,3,0,0,0,0,0,99,17.37
AMD MI300X,granite_4_0_h_micro_run7,30,30,27,5,1,0,0,0,0,0,0,0,0,3,0,0,0,0,0,96,16.84
AMD MI300X,granite_4_0_h_micro_run8,30,25,27,4,3,0,0,0,0,0,0,0,0,3,0,0,0,0,0,92,16.14
AMD MI300X,granite_4_0_h_small_run1,29,30,29,29,24,24,0,0,0,1,2,13,5,19,30,5,30,27,30,327,57.37
AMD MI300X,granite_4_0_h_small_run2,27,30,30,29,23,20,0,0,0,0,4,14,6,16,30,9,30,28,30,326,57.19
AMD MI300X,granite_4_0_h_small_run3,30,30,29,27,29,21,0,0,0,1,1,16,8,15,30,12,30,30,30,339,59.47
AMD MI300X,granite_4_0_h_small_run4,30,30,30,28,26,21,0,0,0,0,2,12,5,17,30,8,30,30,30,329,57.72
AMD MI300X,granite_4_0_h_small_run5,30,30,29,29,28,24,0,0,0,0,3,14,6,18,30,8,30,28,30,337,59.12
AMD MI300X,granite_4_0_h_small_run6,28,30,30,29,29,22,0,0,0,0,4,15,10,17,30,9,30,28,30,341,59.82
AMD MI300X,granite_4_0_h_small_run7,30,29,30,29,24,20,0,0,0,0,3,21,3,22,30,4,30,28,30,333,58.42
AMD MI300X,granite_4_0_h_small_run8,29,29,30,30,25,26,0,0,0,0,4,16,7,13,30,7,30,30,30,336,58.95
AMD MI300X,granite_4_0_h_tiny_run1,27,25,27,0,27,4,0,0,2,0,0,0,0,5,25,0,17,5,9,173,30.35
AMD MI300X,granite_4_0_h_tiny_run2,25,23,25,4,22,4,0,0,2,0,0,0,0,4,20,0,15,3,14,161,28.25
AMD MI300X,granite_4_0_h_tiny_run3,25,28,24,1,27,7,0,0,0,0,0,0,0,0,15,0,13,7,8,155,27.19
AMD MI300X,granite_4_0_h_tiny_run4,28,21,24,1,24,7,0,0,3,0,0,0,0,3,17,0,16,2,14,160,28.07
AMD MI300X,granite_4_0_h_tiny_run5,23,23,26,1,24,5,0,0,2,0,1,0,0,3,17,0,14,8,9,156,27.37
AMD MI300X,granite_4_0_h_tiny_run6,24,25,25,3,26,2,0,0,1,0,0,0,0,2,22,0,13,5,4,152,26.67
AMD MI300X,granite_4_0_h_tiny_run7,26,25,25,2,24,4,0,0,0,0,0,0,0,0,17,0,9,4,8,144,25.26
AMD MI300X,granite_4_0_h_tiny_run8,23,22,23,1,22,5,0,0,1,0,0,0,0,2,14,0,14,5,10,142,24.91
AMD MI300X,llama_3_1_70b_instruct_run1,30,30,29,30,29,26,19,14,18,14,4,22,4,24,30,10,30,30,30,423,74.21
AMD MI300X,llama_3_1_70b_instruct_run2,30,30,30,30,30,25,18,15,17,15,4,25,3,26,30,11,30,30,28,427,74.91
AMD MI300X,llama_3_1_70b_instruct_run3,30,30,30,30,30,26,14,14,14,10,3,23,7,23,30,13,30,30,30,417,73.16
AMD MI300X,llama_3_1_70b_instruct_run4,30,30,30,30,29,21,17,21,10,13,4,28,4,22,30,9,30,30,29,417,73.16
AMD MI300X,llama_3_1_70b_instruct_run5,30,30,30,30,30,27,20,14,16,10,0,26,4,20,30,9,30,30,29,415,72.81
AMD MI300X,llama_3_1_70b_instruct_run6,30,30,30,30,30,26,15,15,17,10,3,22,3,27,30,8,30,30,29,415,72.81
AMD MI300X,llama_3_1_70b_instruct_run7,30,30,30,30,30,27,19,18,20,16,4,28,1,20,30,8,30,30,30,431,75.61
AMD MI300X,llama_3_1_70b_instruct_run8,30,30,30,30,29,23,10,19,20,7,0,23,4,26,30,4,30,30,29,404,70.88
AMD MI300X,llama_3_1_8b_instruct_run1,12,6,0,1,5,5,0,0,2,0,4,0,0,3,1,0,3,2,12,56,9.82
AMD MI300X,llama_3_1_8b_instruct_run2,6,11,3,5,1,4,0,0,1,0,0,2,0,2,2,0,3,3,17,60,10.53
AMD MI300X,llama_3_1_8b_instruct_run3,7,5,0,2,1,3,1,0,3,1,4,1,0,2,4,0,3,1,13,51,8.95
AMD MI300X,llama_3_1_8b_instruct_run4,10,8,4,1,7,4,0,0,2,0,4,0,0,1,4,0,1,6,13,65,11.4
AMD MI300X,llama_3_1_8b_instruct_run5,8,9,1,0,2,3,0,0,3,0,3,1,0,1,5,0,5,6,16,63,11.05
AMD MI300X,llama_3_1_8b_instruct_run6,12,5,2,1,2,3,0,0,2,1,3,0,0,0,4,0,8,2,19,64,11.23
AMD MI300X,llama_3_3_70b_instruct_fp8_kv_run1,30,30,30,30,29,30,12,10,23,10,22,21,7,28,30,5,30,30,30,437,76.67
AMD MI300X,llama_3_3_70b_instruct_fp8_kv_run2,30,30,30,30,30,30,15,5,27,5,17,19,4,24,30,9,30,30,30,425,74.56
AMD MI300X,llama_3_3_70b_instruct_fp8_kv_run3,30,30,30,30,30,30,16,11,24,9,15,19,4,24,30,6,30,30,30,428,75.09
AMD MI300X,llama_3_3_70b_instruct_fp8_kv_run4,30,30,30,30,30,30,20,3,24,4,20,24,6,23,30,9,30,30,30,433,75.96
AMD MI300X,llama_3_3_70b_instruct_fp8_kv_run5,30,30,30,30,29,29,15,7,27,7,12,22,3,27,30,8,30,30,30,426,74.74
AMD MI300X,llama_3_3_70b_instruct_fp8_kv_run6,30,30,30,30,30,30,11,4,22,9,16,18,4,25,30,9,30,30,30,418,73.33
AMD MI300X,llama_3_3_70b_instruct_fp8_kv_run7,30,30,30,30,30,29,15,3,22,9,8,19,3,25,30,4,30,30,30,407,71.4
AMD MI300X,llama_3_3_70b_instruct_fp8_kv_run8,30,30,30,30,30,29,17,7,24,8,14,20,5,22,30,9,30,30,30,425,74.56
AMD MI300X,llama_3_3_70b_instruct_run1,30,30,30,30,30,30,7,1,12,6,12,16,3,27,30,12,30,30,30,396,69.47
AMD MI300X,llama_3_3_70b_instruct_run2,30,30,30,30,30,29,9,0,17,14,18,21,1,20,30,8,30,30,30,407,71.4
AMD MI300X,llama_3_3_70b_instruct_run3,30,30,30,30,30,30,12,1,22,9,12,20,1,21,30,9,30,30,30,407,71.4
AMD MI300X,llama_3_3_70b_instruct_run4,30,30,30,30,30,30,12,1,23,10,13,22,2,22,30,5,30,30,30,410,71.93
AMD MI300X,llama_3_3_70b_instruct_run5,30,30,30,30,30,29,11,3,21,11,6,16,4,23,30,12,30,30,30,406,71.23
AMD MI300X,llama_3_3_70b_instruct_run6,30,30,30,30,29,30,12,1,22,10,10,18,3,24,30,7,30,30,30,406,71.23
AMD MI300X,llama_3_3_70b_instruct_run7,30,30,30,30,30,30,14,2,21,12,13,21,2,28,30,14,30,30,30,427,74.91
AMD MI300X,llama_3_3_70b_instruct_run8,30,30,30,30,29,30,6,3,21,13,12,19,0,24,30,10,30,30,30,407,71.4
AMD MI300X,llama_4_maverick_17b_128e_instruct_fp8_run1,30,30,30,29,30,16,6,4,26,2,13,28,14,19,30,10,30,30,30,407,71.4
AMD MI300X,llama_4_maverick_17b_128e_instruct_fp8_run2,30,30,30,29,30,22,11,1,24,3,18,29,16,16,30,10,30,30,30,419,73.51
AMD MI300X,llama_4_maverick_17b_128e_instruct_fp8_run3,30,30,30,29,30,16,13,3,23,6,16,29,13,15,30,20,30,30,30,423,74.21
AMD MI300X,llama_4_maverick_17b_128e_instruct_fp8_run4,30,30,30,29,30,21,14,2,24,2,19,28,11,16,30,16,30,30,30,422,74.04
AMD MI300X,llama_4_maverick_17b_128e_instruct_fp8_run5,30,30,30,30,30,17,10,3,24,3,16,29,11,16,30,20,30,30,30,419,73.51
AMD MI300X,llama_4_maverick_17b_128e_instruct_fp8_run6,30,30,30,30,29,24,14,4,23,1,23,28,16,13,30,16,30,30,30,431,75.61
AMD MI300X,llama_4_maverick_17b_128e_instruct_fp8_run7,30,30,30,28,29,17,13,1,24,2,18,30,8,13,30,11,30,30,30,404,70.88
AMD MI300X,llama_4_maverick_17b_128e_instruct_fp8_run8,30,30,30,30,30,16,8,3,26,2,20,28,13,17,30,7,30,30,30,410,71.93
AMD MI300X,llama_4_maverick_17b_128e_instruct_run1,30,30,30,29,29,24,11,2,22,2,21,28,13,19,30,10,30,29,30,419,73.51
AMD MI300X,llama_4_maverick_17b_128e_instruct_run2,30,30,30,29,29,17,11,4,28,1,21,28,16,20,30,12,30,30,30,426,74.74
AMD MI300X,llama_4_maverick_17b_128e_instruct_run3,30,30,30,28,30,21,10,4,26,4,20,29,18,18,30,15,30,30,30,433,75.96
AMD MI300X,llama_4_maverick_17b_128e_instruct_run4,30,30,30,30,29,23,14,1,26,2,18,30,14,17,30,16,30,30,30,430,75.44
AMD MI300X,llama_4_maverick_17b_128e_instruct_run5,30,30,30,30,30,16,9,5,23,6,17,30,17,17,30,15,30,30,30,425,74.56
AMD MI300X,llama_4_maverick_17b_128e_instruct_run6,30,30,30,30,29,24,11,5,24,2,22,29,10,18,30,14,30,29,30,427,74.91
AMD MI300X,llama_4_maverick_17b_128e_instruct_run7,30,30,30,28,30,19,14,1,26,4,23,29,12,10,30,11,30,30,30,417,73.16
AMD MI300X,llama_4_maverick_17b_128e_instruct_run8,30,30,30,30,27,21,14,3,26,4,19,30,16,12,30,11,30,30,30,423,74.21
AMD MI300X,llama_4_scout_17b_16e_instruct_run1,30,30,16,20,30,8,26,20,14,0,5,6,0,18,30,14,30,30,30,357,62.63
AMD MI300X,llama_4_scout_17b_16e_instruct_run2,30,30,20,21,29,8,22,14,18,0,10,5,0,16,29,15,30,30,30,357,62.63
AMD MI300X,llama_4_scout_17b_16e_instruct_run3,30,30,19,19,29,6,24,13,22,0,13,4,1,18,30,7,30,30,30,355,62.28
AMD MI300X,llama_4_scout_17b_16e_instruct_run4,30,30,18,20,29,13,26,16,20,0,9,2,0,23,30,7,30,30,30,363,63.68
AMD MI300X,llama_4_scout_17b_16e_instruct_run5,30,30,21,25,30,6,22,18,23,0,6,9,0,22,30,11,30,30,30,373,65.44
AMD MI300X,llama_4_scout_17b_16e_instruct_run6,30,30,22,21,28,9,22,15,22,0,9,7,0,19,30,12,30,30,30,366,64.21
AMD MI300X,llama_4_scout_17b_16e_instruct_run7,30,30,15,17,29,9,25,21,22,0,9,8,3,21,30,8,30,30,30,367,64.39
AMD MI300X,llama_4_scout_17b_16e_instruct_run8,30,30,23,23,30,13,25,16,22,0,12,10,0,18,30,11,30,30,30,383,67.19
AMD MI300X,qwen2_5_14b_instruct_run1,30,30,29,28,30,24,10,5,18,3,10,17,4,16,30,1,30,30,30,375,65.79
AMD MI300X,qwen2_5_14b_instruct_run2,30,30,30,26,29,21,9,6,19,5,7,16,5,15,30,2,30,30,30,370,64.91
AMD MI300X,qwen2_5_14b_instruct_run3,30,30,30,26,30,20,15,9,20,8,5,23,6,12,30,4,30,30,30,388,68.07
AMD MI300X,qwen2_5_14b_instruct_run4,30,30,30,26,28,25,9,7,20,6,8,17,9,11,30,6,30,30,30,382,67.02
AMD MI300X,qwen2_5_14b_instruct_run5,30,30,30,28,28,25,9,7,20,8,6,23,6,14,30,4,30,30,30,388,68.07
AMD MI300X,qwen2_5_14b_instruct_run6,30,30,30,24,30,26,13,5,14,8,8,21,2,10,30,4,30,30,30,375,65.79
AMD MI300X,qwen2_5_14b_instruct_run7,30,30,30,24,28,21,14,5,23,4,6,21,2,11,30,5,30,30,30,374,65.61
AMD MI300X,qwen2_5_14b_instruct_run8,30,30,30,25,29,26,10,7,19,7,11,22,4,9,30,4,30,30,30,383,67.19
AMD MI300X,qwen2_5_32b_instruct_run1,30,30,30,30,29,29,0,0,14,6,12,0,4,13,30,3,30,0,30,320,56.14
AMD MI300X,qwen2_5_32b_instruct_run2,30,30,30,30,29,29,0,0,5,5,17,2,3,15,30,5,30,0,30,320,56.14
AMD MI300X,qwen2_5_32b_instruct_run3,30,30,30,30,30,30,1,1,7,10,10,3,3,15,30,7,30,0,30,327,57.37
AMD MI300X,qwen2_5_32b_instruct_run4,30,30,30,30,30,29,1,1,5,3,15,0,0,9,30,5,30,0,30,308,54.04
AMD MI300X,qwen2_5_32b_instruct_run5,30,30,30,30,29,30,2,2,5,3,12,0,2,14,30,6,30,0,30,315,55.26
AMD MI300X,qwen2_5_32b_instruct_run6,30,30,30,30,30,29,0,0,9,7,6,1,0,16,30,4,30,0,30,312,54.74
AMD MI300X,qwen2_5_32b_instruct_run7,30,30,30,30,30,30,0,1,6,5,14,0,2,16,30,3,30,0,30,317,55.61
AMD MI300X,qwen2_5_32b_instruct_run8,30,30,30,30,30,30,0,3,12,10,12,1,2,13,30,7,30,0,30,330,57.89
AMD MI300X,qwen2_5_72b_instruct_run1,30,30,30,30,29,29,22,20,25,8,25,26,0,10,30,0,30,0,30,404,70.88
AMD MI300X,qwen2_5_72b_instruct_run2,30,30,30,30,30,27,16,19,25,13,23,28,1,4,30,0,30,0,30,396,69.47
AMD MI300X,qwen2_5_72b_instruct_run3,30,30,30,30,30,26,18,24,27,12,24,26,1,10,30,0,30,0,30,408,71.58
AMD MI300X,qwen2_5_72b_instruct_run4,30,30,30,30,30,28,17,23,24,13,24,22,1,14,30,0,30,0,30,406,71.23
AMD MI300X,qwen2_5_72b_instruct_run5,30,30,30,30,29,28,19,18,25,13,26,27,2,13,30,0,30,0,30,410,71.93
AMD MI300X,qwen2_5_72b_instruct_run6,30,30,30,30,30,26,19,20,26,13,25,27,0,9,30,1,30,0,30,406,71.23
AMD MI300X,qwen2_5_72b_instruct_run7,30,30,30,30,30,28,16,22,24,14,24,27,0,10,30,1,30,0,30,406,71.23
AMD MI300X,qwen2_5_7b_instruct_run1,30,30,14,17,0,0,0,0,8,0,4,5,0,15,30,0,30,27,28,238,41.75
AMD MI300X,qwen2_5_7b_instruct_run2,30,30,15,14,1,0,0,0,13,0,9,5,1,12,29,0,28,25,30,242,42.46
AMD MI300X,qwen2_5_7b_instruct_run3,30,30,15,16,1,0,0,0,11,0,4,6,0,7,28,0,30,24,29,231,40.53
AMD MI300X,qwen2_5_7b_instruct_run4,30,30,15,16,0,1,0,0,5,1,8,4,1,9,29,0,30,28,26,233,40.88
AMD MI300X,qwen2_5_7b_instruct_run5,30,30,15,13,2,0,0,0,9,0,11,6,1,15,30,0,29,28,30,249,43.68
AMD MI300X,qwen2_5_7b_instruct_run6,30,30,13,15,1,1,0,0,7,2,3,3,1,13,29,0,29,26,30,233,40.88
AMD MI300X,qwen2_5_7b_instruct_run7,30,30,19,14,0,1,0,0,6,0,5,10,0,12,29,0,29,27,29,241,42.28
AMD MI300X,qwen2_5_7b_instruct_run8,30,30,17,9,0,0,0,0,11,1,6,5,0,12,29,0,29,22,27,228,40.0
AMD MI300X,qwen3_14b_fp8_run1,30,30,30,29,30,28,0,0,0,0,0,7,0,30,30,4,30,30,30,338,59.3
AMD MI300X,qwen3_14b_fp8_run2,30,30,30,30,30,29,0,0,0,0,0,7,0,30,30,2,30,30,30,338,59.3
AMD MI300X,qwen3_14b_fp8_run3,30,30,30,29,30,28,0,0,0,0,0,10,0,30,30,3,30,30,30,340,59.65
AMD MI300X,qwen3_14b_fp8_run4,30,30,30,29,30,28,0,0,0,0,1,10,0,30,30,4,30,30,30,342,60.0
AMD MI300X,qwen3_14b_fp8_run5,30,30,30,29,30,28,0,0,0,0,1,14,1,30,30,5,30,30,30,348,61.05
AMD MI300X,qwen3_14b_fp8_run6,30,30,30,30,30,30,0,0,0,0,0,13,1,30,30,3,30,30,30,347,60.88
AMD MI300X,qwen3_14b_fp8_run7,30,30,30,28,30,29,0,0,0,0,0,8,1,30,30,6,30,30,30,342,60.0
AMD MI300X,qwen3_14b_fp8_run8,30,30,30,28,30,30,0,0,0,0,0,11,1,30,30,2,30,29,30,341,59.82
AMD MI300X,qwen3_14b_run1,30,30,30,29,30,27,0,0,0,0,0,10,0,30,30,1,30,30,30,337,59.12
AMD MI300X,qwen3_14b_run2,30,30,30,30,30,29,0,0,0,0,0,4,0,30,30,2,30,30,30,335,58.77
AMD MI300X,qwen3_14b_run3,30,30,30,28,30,25,0,0,0,0,0,5,0,30,30,1,30,30,30,329,57.72
AMD MI300X,qwen3_14b_run4,30,30,30,27,30,27,0,0,0,0,0,4,0,30,30,1,30,30,30,329,57.72
AMD MI300X,qwen3_14b_run5,30,30,30,29,30,30,0,0,0,0,0,8,1,30,30,1,30,30,30,339,59.47
AMD MI300X,qwen3_14b_run6,30,30,30,29,30,28,0,0,0,0,0,7,0,30,30,3,30,30,30,337,59.12
AMD MI300X,qwen3_14b_run7,30,30,30,30,30,30,0,0,1,0,0,4,0,30,30,3,30,30,30,338,59.3
AMD MI300X,qwen3_14b_run8,30,30,30,28,30,29,0,0,0,0,0,5,0,30,30,3,30,30,30,335,58.77
AMD MI300X,qwen3_14b_thinkmode_run1,30,30,30,18,30,22,13,7,22,5,11,24,0,29,30,1,30,30,30,392,68.77
AMD MI300X,qwen3_14b_thinkmode_run2,30,30,29,18,30,17,9,5,21,7,13,25,2,27,30,3,30,30,30,386,67.72
AMD MI300X,qwen3_14b_thinkmode_run3,30,30,30,21,29,20,13,6,18,5,12,26,0,26,30,0,30,30,30,386,67.72
AMD MI300X,qwen3_14b_thinkmode_run4,30,30,30,16,30,20,13,3,21,12,18,25,4,28,30,1,30,30,30,401,70.35
AMD MI300X,qwen3_14b_thinkmode_run5,30,30,30,16,30,19,13,5,15,12,14,28,2,26,30,1,30,30,30,391,68.6
AMD MI300X,qwen3_14b_thinkmode_run6,30,30,29,20,30,21,13,5,19,8,9,26,2,24,30,1,30,30,30,387,67.89
AMD MI300X,qwen3_14b_thinkmode_run7,30,30,30,19,30,20,16,6,20,12,17,25,3,30,30,3,30,30,30,411,72.11
AMD MI300X,qwen3_14b_thinkmode_run8,30,30,30,16,30,20,13,5,18,8,18,26,1,30,30,2,30,30,30,397,69.65
AMD MI300X,qwen3_235b_a22b_instruct_2507_fp8_run1,30,30,30,30,29,30,10,19,28,30,29,23,25,28,30,25,30,30,30,516,90.53
AMD MI300X,qwen3_235b_a22b_instruct_2507_fp8_run2,30,30,30,30,30,30,11,22,26,27,30,21,19,28,30,21,30,30,30,505,88.6
AMD MI300X,qwen3_235b_a22b_instruct_2507_fp8_run3,30,30,30,30,30,30,13,22,28,28,28,19,23,25,30,21,30,30,30,507,88.95
AMD MI300X,qwen3_235b_a22b_instruct_2507_fp8_run4,30,30,30,30,30,30,8,13,27,29,28,21,21,27,30,24,30,30,30,498,87.37
AMD MI300X,qwen3_235b_a22b_instruct_2507_fp8_run5,30,30,30,30,30,30,14,14,29,26,27,19,22,28,30,18,30,30,30,497,87.19
AMD MI300X,qwen3_235b_a22b_instruct_2507_fp8_run6,30,30,30,30,30,30,14,14,29,30,27,23,24,28,30,25,30,30,30,514,90.18
AMD MI300X,qwen3_235b_a22b_instruct_2507_fp8_run7,30,30,30,29,30,30,14,13,29,29,30,21,24,28,30,16,30,30,30,503,88.25
AMD MI300X,qwen3_235b_a22b_instruct_2507_fp8_run8,30,30,30,30,30,30,12,15,30,27,30,22,23,26,30,22,30,30,30,507,88.95
AMD MI300X,qwen3_235b_a22b_instruct_2507_run1,30,30,30,29,30,30,13,9,30,29,29,24,23,26,30,17,30,30,30,499,87.54
AMD MI300X,qwen3_235b_a22b_instruct_2507_run2,30,30,30,30,30,30,10,12,30,27,30,22,16,28,30,16,30,30,30,491,86.14
AMD MI300X,qwen3_235b_a22b_instruct_2507_run3,30,30,30,29,30,30,16,19,29,29,30,25,23,28,30,17,30,30,30,515,90.35
AMD MI300X,qwen3_235b_a22b_instruct_2507_run4,30,30,30,30,30,30,15,16,30,30,29,20,21,26,30,19,30,30,30,506,88.77
AMD MI300X,qwen3_235b_a22b_instruct_2507_run5,30,30,30,30,30,30,9,17,29,27,30,18,20,24,30,17,30,30,30,491,86.14
AMD MI300X,qwen3_235b_a22b_instruct_2507_run6,30,30,30,30,30,30,12,18,30,27,27,25,22,27,30,15,30,30,30,503,88.25
AMD MI300X,qwen3_235b_a22b_instruct_2507_run7,30,30,30,30,30,30,18,9,30,30,28,24,24,28,30,19,30,30,30,510,89.47
AMD MI300X,qwen3_235b_a22b_instruct_2507_run8,30,30,30,30,30,30,16,15,29,30,30,25,23,26,30,15,30,30,30,509,89.3
AMD MI300X,qwen3_30b_a3b_instruct_2507_run1,30,30,30,29,6,13,7,2,22,19,16,25,6,28,30,11,30,30,30,394,69.12
AMD MI300X,qwen3_30b_a3b_instruct_2507_run2,30,30,30,27,11,13,1,0,24,23,13,27,4,28,30,13,30,30,30,394,69.12
AMD MI300X,qwen3_30b_a3b_instruct_2507_run3,30,30,30,30,8,10,4,2,23,22,17,23,10,26,30,15,30,30,30,400,70.18
AMD MI300X,qwen3_30b_a3b_instruct_2507_run4,30,30,30,28,10,11,7,0,19,24,14,28,6,27,30,12,30,30,30,396,69.47
AMD MI300X,qwen3_30b_a3b_instruct_2507_run5,30,30,30,29,7,11,2,2,21,21,13,23,9,29,30,14,30,30,30,391,68.6
AMD MI300X,qwen3_30b_a3b_instruct_2507_run6,30,30,30,29,3,14,2,1,27,22,15,24,8,29,30,13,30,30,30,397,69.65
AMD MI300X,qwen3_30b_a3b_instruct_2507_run7,30,30,30,26,9,12,5,0,22,21,18,27,5,29,30,14,30,30,30,398,69.82
AMD MI300X,qwen3_30b_a3b_instruct_2507_run8,30,30,30,28,11,17,6,2,24,17,15,26,8,29,30,13,30,30,30,406,71.23
AMD MI300X,qwen3_30b_a3b_run1,30,30,30,30,29,22,0,0,0,0,1,22,6,6,30,10,30,30,30,336,58.95
AMD MI300X,qwen3_30b_a3b_run2,30,30,30,30,30,20,0,0,0,0,0,21,10,3,30,13,30,30,30,337,59.12
AMD MI300X,qwen3_30b_a3b_run3,30,30,30,30,29,20,0,0,0,0,0,18,11,4,30,11,30,30,30,333,58.42
AMD MI300X,qwen3_30b_a3b_run4,30,30,29,29,25,17,0,0,1,0,2,19,10,6,30,6,30,30,30,324,56.84
AMD MI300X,qwen3_30b_a3b_run5,30,30,29,30,29,17,0,0,0,0,0,20,12,6,30,9,30,30,30,332,58.25
AMD MI300X,qwen3_30b_a3b_run6,30,30,30,29,29,21,0,0,0,0,0,19,7,3,30,7,30,30,30,325,57.02
AMD MI300X,qwen3_30b_a3b_run7,30,30,30,29,29,18,0,0,0,0,0,23,11,7,30,8,30,30,30,335,58.77
AMD MI300X,qwen3_30b_a3b_run8,30,30,30,30,28,18,0,0,0,0,1,15,13,4,30,9,30,30,30,328,57.54
AMD MI300X,qwen3_30b_a3b_thinkmode_run1,30,30,30,25,27,25,12,28,22,0,14,14,6,22,30,7,30,30,30,412,72.28
AMD MI300X,qwen3_30b_a3b_thinkmode_run2,30,30,28,26,30,27,12,25,24,0,13,22,8,17,30,5,30,30,30,417,73.16
AMD MI300X,qwen3_30b_a3b_thinkmode_run3,30,30,30,25,29,24,13,27,28,0,14,22,7,19,30,6,30,30,30,424,74.39
AMD MI300X,qwen3_30b_a3b_thinkmode_run4,30,30,29,23,29,24,15,26,24,0,9,16,6,18,30,7,30,30,30,406,71.23
AMD MI300X,qwen3_30b_a3b_thinkmode_run5,30,30,28,25,30,27,14,26,27,0,7,18,5,20,30,4,30,30,30,411,72.11
AMD MI300X,qwen3_30b_a3b_thinkmode_run6,30,30,30,22,30,23,20,27,26,0,11,18,10,23,30,8,30,30,30,428,75.09
AMD MI300X,qwen3_30b_a3b_thinkmode_run7,30,30,30,23,30,24,11,26,26,0,14,17,6,15,30,4,30,30,30,406,71.23
AMD MI300X,qwen3_30b_a3b_thinkmode_run8,30,30,30,27,28,25,14,25,20,0,11,23,2,19,30,9,30,30,30,413,72.46
AMD MI300X,qwen3_32b_fp8_run1,30,30,30,29,30,29,0,0,18,14,17,24,0,20,30,0,30,1,30,362,63.51
AMD MI300X,qwen3_32b_fp8_run2,30,30,30,30,29,27,0,0,17,10,20,22,0,21,30,5,30,0,30,361,63.33
AMD MI300X,qwen3_32b_fp8_run3,30,30,30,29,30,29,0,0,15,11,18,26,0,24,30,4,30,0,30,366,64.21
AMD MI300X,qwen3_32b_fp8_run4,30,30,30,29,29,30,0,0,19,10,19,24,1,24,30,4,30,0,30,369,64.74
AMD MI300X,qwen3_32b_fp8_run5,30,30,30,29,30,27,0,0,19,8,12,21,2,23,30,3,30,0,30,354,62.11
AMD MI300X,qwen3_32b_fp8_run6,30,30,30,30,30,26,0,0,20,14,16,23,2,19,30,8,30,0,30,368,64.56
AMD MI300X,qwen3_32b_fp8_run7,30,30,30,30,30,30,0,0,20,8,18,26,0,20,30,3,30,0,30,365,64.04
AMD MI300X,qwen3_32b_fp8_run8,30,30,30,30,30,25,0,0,14,13,20,22,1,21,30,4,30,0,30,360,63.16
AMD MI300X,qwen3_32b_run1,30,30,30,30,28,27,0,0,20,17,3,25,0,18,30,4,30,0,30,352,61.75
AMD MI300X,qwen3_32b_run2,30,30,30,30,30,28,0,0,20,13,1,26,1,19,30,5,30,0,30,353,61.93
AMD MI300X,qwen3_32b_run3,30,30,30,30,30,25,0,0,20,16,1,26,4,18,30,4,30,0,30,354,62.11
AMD MI300X,qwen3_32b_run4,30,30,30,29,30,28,0,0,17,14,1,24,1,23,30,4,30,0,30,351,61.58
AMD MI300X,qwen3_32b_run5,30,30,30,30,30,27,0,0,18,8,4,22,0,20,30,3,30,0,30,342,60.0
AMD MI300X,qwen3_32b_run6,30,30,30,30,30,27,0,0,19,15,5,23,0,18,30,5,30,0,30,352,61.75
AMD MI300X,qwen3_32b_run7,30,30,30,30,30,26,0,0,20,14,2,23,1,15,30,4,30,0,30,345,60.53
AMD MI300X,qwen3_32b_run8,30,30,30,29,30,26,0,0,21,14,5,23,2,24,30,4,30,0,30,358,62.81
AMD MI300X,qwen3_32b_thinkmode_run1,29,30,28,25,30,17,12,17,14,3,18,25,2,25,30,2,30,20,30,387,67.89
AMD MI300X,qwen3_32b_thinkmode_run2,30,30,28,24,30,15,5,14,17,4,19,27,1,27,30,3,30,17,30,381,66.84
AMD MI300X,qwen3_32b_thinkmode_run3,30,30,30,25,30,15,12,14,21,3,18,27,0,29,30,3,30,17,30,394,69.12
AMD MI300X,qwen3_32b_thinkmode_run4,29,30,28,29,30,20,15,19,18,7,16,28,1,28,30,5,30,17,30,410,71.93
AMD MI300X,qwen3_32b_thinkmode_run5,29,30,27,29,29,15,8,14,19,4,12,26,2,28,30,3,30,21,30,386,67.72
AMD MI300X,qwen3_32b_thinkmode_run6,30,30,28,26,29,10,9,18,13,4,15,25,1,26,30,3,30,18,30,375,65.79
AMD MI300X,qwen3_32b_thinkmode_run7,29,30,25,28,28,15,11,14,15,5,11,27,3,25,30,5,30,15,30,376,65.96
AMD MI300X,qwen3_32b_thinkmode_run8,29,30,29,27,28,15,9,13,12,3,13,26,1,29,30,4,30,16,30,374,65.61
AMD MI300X,qwen3_4b_instruct_2507_run1,30,30,30,24,24,25,0,0,1,0,4,24,6,27,30,5,30,30,30,350,61.4
AMD MI300X,qwen3_4b_instruct_2507_run2,30,30,30,18,27,27,0,0,1,0,4,20,1,27,30,4,30,30,30,339,59.47
AMD MI300X,qwen3_4b_instruct_2507_run3,30,30,30,21,28,27,0,0,0,0,1,19,7,29,30,1,30,30,30,343,60.18
AMD MI300X,qwen3_4b_instruct_2507_run4,30,30,30,21,26,26,0,1,0,0,1,23,3,27,30,6,30,30,30,344,60.35
AMD MI300X,qwen3_4b_instruct_2507_run5,30,30,30,17,25,28,0,0,1,0,6,16,2,24,30,3,30,30,30,332,58.25
AMD MI300X,qwen3_4b_instruct_2507_run6,30,30,30,18,24,24,0,0,0,0,2,20,7,29,30,3,30,30,30,337,59.12
AMD MI300X,qwen3_4b_instruct_2507_run7,30,30,29,19,22,28,0,0,0,0,1,22,5,29,30,5,30,30,30,340,59.65
AMD MI300X,qwen3_4b_instruct_2507_run8,30,30,29,22,24,22,0,0,1,0,3,23,9,28,30,6,30,30,30,347,60.88
AMD MI300X,qwen3_4b_run1,30,30,29,23,21,15,0,0,0,0,2,0,0,2,25,0,7,10,22,216,37.89
AMD MI300X,qwen3_4b_run2,30,30,29,23,18,12,0,0,0,0,3,2,0,3,27,0,7,18,21,223,39.12
AMD MI300X,qwen3_4b_run3,30,29,30,20,13,9,0,0,0,0,1,1,0,1,26,0,15,10,22,207,36.32
AMD MI300X,qwen3_4b_thinkmode_run1,30,30,27,12,27,8,4,0,5,0,10,17,1,15,28,0,27,24,27,292,51.23
AMD MI300X,qwen3_4b_thinkmode_run2,29,30,23,8,28,7,2,1,2,1,14,14,0,14,27,0,25,25,25,275,48.25
AMD MI300X,qwen3_4b_thinkmode_run3,29,30,26,12,27,9,6,1,5,0,7,16,0,21,30,0,27,26,24,296,51.93
AMD MI300X,qwen3_4b_thinkmode_run4,30,30,25,5,26,11,0,0,5,0,9,15,0,12,30,0,29,26,25,278,48.77
AMD MI300X,qwen3_4b_thinkmode_run5,30,30,26,12,26,10,3,0,3,1,12,19,0,21,27,0,28,24,27,299,52.46
AMD MI300X,qwen3_4b_thinkmode_run6,29,30,28,8,30,12,3,0,4,0,7,7,0,18,27,1,28,26,25,283,49.65
AMD MI300X,qwen3_4b_thinkmode_run7,30,29,27,8,24,7,2,0,3,0,7,19,1,15,29,0,30,29,26,286,50.18
AMD MI300X,qwen3_4b_thinkmode_run8,30,30,27,9,22,11,5,0,5,2,8,19,0,18,29,0,29,28,23,295,51.75
AMD MI300X,qwen3_8b_run1,30,30,30,22,19,7,0,0,2,0,0,11,0,7,30,1,30,30,30,279,48.95
AMD MI300X,qwen3_8b_run2,30,30,29,25,14,7,0,0,2,0,0,15,0,3,30,2,30,27,30,274,48.07
AMD MI300X,qwen3_8b_run3,30,30,30,24,18,13,0,0,2,1,2,17,0,2,30,0,30,30,30,289,50.7
AMD MI300X,qwen3_8b_run4,30,30,29,24,23,6,0,0,0,1,0,7,0,5,30,2,30,30,30,277,48.6
AMD MI300X,qwen3_8b_run5,30,30,30,27,19,5,0,0,2,0,0,5,1,7,30,4,30,29,30,279,48.95
AMD MI300X,qwen3_8b_thinkmode_run1,30,30,28,24,25,8,4,1,17,11,17,23,11,28,28,9,29,22,29,374,65.61
AMD MI300X,qwen3_8b_thinkmode_run2,30,30,30,18,25,15,8,5,13,9,11,18,4,26,30,5,28,11,30,346,60.7
AMD MI300X,qwen3_8b_thinkmode_run3,30,30,29,24,23,8,1,1,12,11,9,21,6,27,30,15,30,13,29,349,61.23
AMD MI300X,qwen3_8b_thinkmode_run4,30,30,30,19,24,13,4,4,22,8,11,24,9,25,30,9,30,10,30,362,63.51
AMD MI300X,qwen3_8b_thinkmode_run5,30,30,30,21,22,11,10,2,17,10,16,19,2,27,30,9,28,14,30,358,62.81
AMD MI300X,qwen3_8b_thinkmode_run6,30,30,28,19,23,6,5,0,23,10,11,15,8,25,29,10,30,14,29,345,60.53
AMD MI300X,qwen3_8b_thinkmode_run7,30,30,30,22,27,13,8,5,14,9,16,15,8,26,30,9,30,14,30,366,64.21
AMD MI300X,qwen3_8b_thinkmode_run8,30,30,30,22,24,9,8,3,16,9,14,17,8,22,29,10,30,13,28,352,61.75
AMD MI300X,qwen3_coder_480b_a35b_instruct_run1,30,30,30,30,30,30,24,19,30,26,30,30,18,30,30,28,30,21,30,526,92.28
AMD MI300X,qwen3_coder_480b_a35b_instruct_run2,30,29,30,30,30,30,22,17,30,27,29,28,16,30,30,29,30,25,30,522,91.58
AMD MI300X,qwen3_coder_480b_a35b_instruct_run3,30,30,30,29,30,30,29,22,30,27,30,30,11,30,30,27,30,21,30,526,92.28
AMD MI300X,qwen3_coder_480b_a35b_instruct_run4,30,30,30,29,30,30,26,12,30,29,30,29,13,30,30,27,30,24,30,519,91.05
AMD MI300X,qwen3_coder_480b_a35b_instruct_run5,30,30,30,30,30,30,27,19,30,24,30,28,11,29,30,28,30,24,30,520,91.23
AMD MI300X,qwen3_coder_480b_a35b_instruct_run6,30,29,30,29,30,30,24,15,30,28,30,30,12,30,30,28,30,20,30,515,90.35
AMD MI300X,qwen3_coder_480b_a35b_instruct_run7,30,30,30,30,30,30,28,18,30,28,30,30,15,29,30,30,30,24,30,532,93.33
AMD MI300X,qwen3_coder_480b_a35b_instruct_run8,30,30,30,30,30,30,27,18,30,27,30,30,17,30,30,28,30,23,30,530,92.98
AMD MI300X,qwen3_next_80b_a3b_instruct_run1,30,30,30,30,30,13,27,29,30,3,28,27,9,30,30,3,30,29,30,468,82.11
AMD MI300X,qwen3_next_80b_a3b_instruct_run2,30,30,30,30,30,13,29,29,30,4,29,26,6,30,30,4,30,30,30,470,82.46
AMD MI300X,qwen3_next_80b_a3b_instruct_run3,30,30,30,30,30,14,25,28,30,1,30,29,5,30,28,6,30,30,30,466,81.75
AMD MI300X,qwen3_next_80b_a3b_instruct_run4,30,30,30,30,30,17,25,29,29,1,30,26,4,30,29,7,30,29,30,466,81.75
AMD MI300X,qwen3_next_80b_a3b_instruct_run5,30,30,30,30,30,15,27,29,30,1,29,27,12,30,30,3,29,30,30,472,82.81
AMD MI300X,qwen3_next_80b_a3b_instruct_run6,30,30,30,30,30,16,27,28,29,6,30,29,5,30,29,7,30,30,30,476,83.51
AMD MI300X,qwen3_next_80b_a3b_instruct_run7,30,30,30,30,30,13,28,29,30,2,30,29,5,30,29,6,30,29,30,470,82.46
AMD MI300X,qwen3_next_80b_a3b_instruct_run8,30,30,30,30,30,14,24,29,29,0,29,30,4,30,27,6,30,30,29,461,80.88
AWS Bedrock,claude_haiku35_run4,30,30,30,30,30,23,14,21,30,1,26,27,1,16,30,0,27,30,30,426,74.74
AWS Bedrock,claude_haiku35_run5,30,30,29,30,28,24,18,23,30,3,25,23,1,17,29,0,27,30,30,427,74.91
AWS Bedrock,claude_haiku35_run6,30,30,30,30,28,22,16,24,28,4,26,25,1,9,29,0,29,29,30,420,73.68
AWS Bedrock,claude_haiku35_run7,30,30,30,30,29,19,22,18,30,1,24,24,0,13,28,1,29,30,29,417,73.16
AWS Bedrock,claude_haiku35_run8,30,30,30,30,29,20,13,20,30,2,29,24,1,12,28,1,30,30,30,419,73.51
AWS Bedrock,claude_haiku45_run1,30,30,30,30,30,28,24,14,10,4,1,3,7,17,1,3,3,0,0,265,46.49
AWS Bedrock,claude_haiku45_run2,30,30,30,30,30,28,22,15,10,2,1,0,6,18,0,5,2,0,4,263,46.14
AWS Bedrock,claude_haiku45_run3,30,30,30,30,29,27,18,16,14,0,1,1,3,19,2,1,2,0,1,254,44.56
AWS Bedrock,claude_haiku45_run4,30,30,30,30,30,28,25,8,11,3,2,6,7,15,1,2,0,0,0,258,45.26
AWS Bedrock,claude_haiku45_run5,30,30,30,30,29,28,21,16,8,1,6,4,5,18,1,3,3,0,1,264,46.32
AWS Bedrock,claude_haiku45_run6,30,30,30,30,30,27,21,9,11,6,2,5,6,19,1,1,0,0,1,259,45.44
AWS Bedrock,claude_haiku45_run7,30,30,30,30,29,27,16,14,10,2,1,6,6,16,0,2,2,0,0,251,44.04
AWS Bedrock,claude_haiku45_run8,30,30,30,30,28,25,22,16,7,4,2,3,5,19,1,1,3,0,1,257,45.09
AWS Bedrock,claude_sonnet45_run1,30,30,30,30,30,30,25,23,30,26,30,29,24,30,26,29,29,0,29,510,89.47
AWS Bedrock,claude_sonnet45_run2,30,30,30,30,30,30,25,28,30,19,30,27,24,30,29,30,29,0,30,511,89.65
AWS Bedrock,claude_sonnet45_run3,30,30,30,30,30,30,24,24,30,22,30,27,20,30,30,30,29,0,28,504,88.42
AWS Bedrock,claude_sonnet45_run4,30,30,30,30,30,30,26,25,30,21,30,26,19,30,28,30,30,0,30,505,88.6
AWS Bedrock,claude_sonnet45_run5,30,30,30,30,30,30,28,28,30,23,30,30,27,30,29,30,29,0,30,524,91.93
AWS Bedrock,claude_sonnet45_run6,30,30,30,30,30,30,23,25,30,25,30,27,22,30,30,30,30,0,28,510,89.47
AWS Bedrock,claude_sonnet45_run7,29,30,30,30,30,30,29,26,30,22,30,23,22,30,27,30,30,0,28,506,88.77
AWS Bedrock,claude_sonnet45_run8,30,30,30,30,30,30,26,26,30,28,30,27,22,30,28,30,30,0,30,517,90.7
AWS Bedrock,nova_2_lite_run1,30,30,6,2,26,21,0,0,19,0,1,0,0,0,1,0,2,0,24,162,28.42
AWS Bedrock,nova_2_lite_run2,30,30,7,5,21,24,0,0,26,0,0,0,0,1,0,0,3,0,19,166,29.12
AWS Bedrock,nova_2_lite_run3,30,29,6,1,18,24,0,0,21,0,0,1,0,0,1,0,3,0,22,156,27.37
AWS Bedrock,nova_2_lite_run4,30,30,5,4,15,20,0,0,23,0,0,0,0,0,0,0,1,0,24,152,26.67
AWS Bedrock,nova_2_lite_run5,30,30,4,2,22,20,0,0,21,0,2,0,0,0,1,0,2,0,27,161,28.25
AWS Bedrock,nova_2_lite_run6,30,30,8,2,17,22,0,0,20,0,0,0,0,0,1,0,5,0,24,159,27.89
AWS Bedrock,nova_2_lite_run7,30,30,7,6,24,20,0,0,20,0,0,1,0,0,1,0,1,0,26,166,29.12
AWS Bedrock,nova_2_lite_run8,30,30,9,2,21,17,0,0,21,0,0,0,0,0,2,0,3,0,24,159,27.89
AWS Bedrock,nova_lite_run1,21,18,30,17,29,2,0,0,29,0,19,19,19,20,30,3,30,18,30,334,58.6
AWS Bedrock,nova_lite_run2,25,14,30,23,26,0,0,0,29,1,18,19,12,19,30,2,30,15,30,323,56.67
AWS Bedrock,nova_lite_run3,26,18,30,15,25,3,0,0,29,0,12,20,20,17,30,5,30,16,30,326,57.19
AWS Bedrock,nova_lite_run4,26,20,30,26,25,2,0,0,28,2,13,16,16,18,30,2,30,18,30,332,58.25
AWS Bedrock,nova_lite_run5,26,17,30,23,26,0,0,0,30,2,14,21,16,16,30,1,30,18,30,330,57.89
AWS Bedrock,nova_lite_run6,24,14,30,24,26,5,0,0,27,2,13,21,19,20,30,2,30,18,30,335,58.77
AWS Bedrock,nova_lite_run7,26,13,30,19,25,1,0,1,30,1,15,17,13,23,30,2,30,22,30,328,57.54
AWS Bedrock,nova_lite_run8,22,16,30,20,23,1,0,0,29,1,11,19,19,14,30,3,30,13,30,311,54.56
AWS Bedrock,nova_micro_run1,14,3,3,13,17,4,10,7,10,1,13,20,13,14,30,5,29,0,19,225,39.47
AWS Bedrock,nova_micro_run2,11,2,6,18,17,5,8,11,19,0,8,17,12,16,30,2,29,0,26,237,41.58
AWS Bedrock,nova_micro_run3,17,3,2,8,14,2,5,11,17,0,10,16,10,15,30,1,29,0,25,215,37.72
AWS Bedrock,nova_micro_run4,13,5,5,12,13,3,9,6,11,2,8,16,7,19,30,2,29,0,22,212,37.19
AWS Bedrock,nova_micro_run5,10,2,3,16,15,2,10,4,15,0,8,11,11,13,30,1,29,0,24,204,35.79
AWS Bedrock,nova_micro_run7,12,2,5,15,16,3,11,6,13,0,10,18,11,11,30,1,29,0,27,220,38.6
AWS Bedrock,nova_micro_run8,17,1,8,12,14,3,12,8,15,1,5,15,12,20,30,5,27,0,19,224,39.3
AWS Bedrock,nova_premier_run1,26,30,30,30,30,30,24,19,8,0,5,26,2,30,30,15,30,0,30,395,69.3
AWS Bedrock,nova_premier_run2,24,29,29,30,30,30,22,23,7,0,4,30,0,30,30,10,30,0,30,388,68.07
AWS Bedrock,nova_premier_run3,25,30,29,30,30,30,19,20,10,0,1,30,1,30,30,13,30,0,30,388,68.07
AWS Bedrock,nova_premier_run4,23,29,30,30,30,30,22,16,15,0,3,29,2,30,30,12,30,0,30,391,68.6
AWS Bedrock,nova_premier_run5,24,30,29,29,30,30,22,21,11,0,3,28,1,30,30,14,30,0,30,392,68.77
AWS Bedrock,nova_premier_run6,25,30,30,30,30,30,24,11,10,0,3,27,1,28,30,18,30,0,30,387,67.89
AWS Bedrock,nova_premier_run7,25,30,30,30,30,30,17,11,7,0,1,29,0,28,30,12,30,0,30,370,64.91
AWS Bedrock,nova_premier_run8,25,30,30,30,30,30,21,18,10,0,4,29,5,30,30,12,30,0,30,394,69.12
AWS Bedrock,nova_pro_run1,3,13,30,30,30,9,0,0,6,10,4,17,16,21,30,18,30,2,30,299,52.46
AWS Bedrock,nova_pro_run2,5,16,30,30,30,6,0,2,3,16,4,14,16,22,30,17,30,0,30,301,52.81
AWS Bedrock,nova_pro_run3,7,17,30,30,30,8,1,0,3,10,8,19,18,25,30,17,30,3,30,316,55.44
AWS Bedrock,nova_pro_run4,5,17,30,29,30,8,0,0,3,11,6,19,18,24,30,20,30,1,30,311,54.56
AWS Bedrock,nova_pro_run5,7,17,30,30,30,7,0,0,1,13,7,13,17,21,30,18,30,0,30,301,52.81
AWS Bedrock,nova_pro_run6,5,16,30,29,30,11,2,0,1,18,4,15,16,26,30,18,30,0,30,311,54.56
AWS Bedrock,nova_pro_run7,2,19,30,30,30,9,1,0,1,10,7,16,12,26,30,17,30,0,30,300,52.63
AWS Bedrock,nova_pro_run8,4,19,30,30,30,11,0,0,3,15,8,15,17,22,30,17,30,2,30,313,54.91
Alibaba Cloud,qwen3_max_2025_09_23_run1,30,30,30,30,30,30,26,20,30,26,30,4,13,29,29,22,30,29,29,497,87.19
Alibaba Cloud,qwen3_max_2025_09_23_run2,30,30,30,30,30,30,25,19,30,29,30,6,17,30,30,23,30,30,29,508,89.12
Alibaba Cloud,qwen3_max_2025_09_23_run3,30,30,30,30,30,30,29,15,30,27,30,6,13,28,30,18,30,30,30,496,87.02
Alibaba Cloud,qwen3_max_2025_09_23_run4,30,30,30,30,30,30,28,19,29,27,30,6,14,29,30,23,30,29,29,503,88.25
Alibaba Cloud,qwen3_max_2025_09_23_run5,30,30,30,29,30,30,25,20,30,25,30,5,21,28,30,24,30,28,29,504,88.42
Alibaba Cloud,qwen3_max_2025_09_23_run6,30,30,30,30,30,30,28,13,30,27,30,6,12,30,30,17,30,30,30,493,86.49
Alibaba Cloud,qwen3_max_2025_09_23_run7,30,30,30,30,30,30,26,22,30,26,30,5,14,25,29,20,29,30,30,496,87.02
Alibaba Cloud,qwen3_max_2025_09_23_run8,30,30,30,30,30,30,28,19,30,25,29,6,16,29,30,21,30,30,29,502,88.07
Alibaba Cloud,qwen3_max_preview_run1,30,30,30,30,28,25,0,0,13,2,25,19,19,30,30,23,30,30,30,424,74.39
Alibaba Cloud,qwen3_max_preview_run2,30,30,30,30,30,28,0,0,10,0,26,20,18,30,30,21,30,30,30,423,74.21
Alibaba Cloud,qwen3_max_preview_run3,30,30,30,30,28,26,0,0,9,4,25,14,22,29,30,23,30,30,30,420,73.68
Alibaba Cloud,qwen3_max_preview_run4,30,30,30,30,30,28,0,0,4,2,26,21,22,29,30,22,30,30,30,424,74.39
Alibaba Cloud,qwen3_max_preview_run5,30,30,30,30,29,24,0,0,4,2,27,20,17,29,30,24,30,30,30,416,72.98
Alibaba Cloud,qwen3_max_preview_run6,30,30,30,30,30,26,0,0,12,1,26,16,15,30,30,24,30,30,30,420,73.68
Alibaba Cloud,qwen3_max_preview_run7,30,30,30,30,28,27,0,0,12,3,26,18,21,29,30,22,30,30,30,426,74.74
Alibaba Cloud,qwen3_max_preview_run8,30,30,30,30,28,25,0,0,13,2,26,21,23,30,30,22,30,30,30,430,75.44
Alibaba Cloud,qwen_flash_2025_07_28_run1,30,30,30,28,8,7,5,7,28,11,15,30,8,19,30,17,30,30,30,393,68.95
Alibaba Cloud,qwen_flash_2025_07_28_run2,30,30,30,29,6,4,5,7,26,13,18,28,8,17,30,18,30,30,30,389,68.25
Alibaba Cloud,qwen_flash_2025_07_28_run3,30,30,29,26,6,6,1,2,25,10,20,30,4,18,30,15,30,30,30,372,65.26
Alibaba Cloud,qwen_flash_2025_07_28_run4,30,30,30,29,10,8,5,10,27,12,21,30,9,16,30,12,30,30,30,399,70.0
Alibaba Cloud,qwen_flash_2025_07_28_run5,30,30,30,26,6,5,2,5,29,17,18,28,6,20,30,17,30,30,30,389,68.25
Alibaba Cloud,qwen_flash_2025_07_28_run6,30,30,30,29,5,4,1,4,25,10,21,28,6,21,30,15,30,30,30,379,66.49
Alibaba Cloud,qwen_flash_2025_07_28_run7,30,30,30,27,8,8,4,9,24,17,15,28,7,18,30,17,30,30,30,392,68.77
Alibaba Cloud,qwen_flash_2025_07_28_run8,30,30,30,28,8,7,8,5,28,11,22,28,6,16,30,15,30,30,30,392,68.77
Alibaba Cloud,qwen_plus_2025_09_11_run1,30,30,30,28,30,19,29,28,28,5,30,30,2,30,29,10,30,30,30,478,83.86
Alibaba Cloud,qwen_plus_2025_09_11_run2,30,30,30,30,30,19,29,29,26,3,29,29,8,30,30,4,29,29,30,474,83.16
Alibaba Cloud,qwen_plus_2025_09_11_run3,30,30,30,30,30,24,29,27,28,1,29,29,5,30,30,6,30,29,30,477,83.68
Alibaba Cloud,qwen_plus_2025_09_11_run4,30,30,30,29,30,26,25,27,27,4,28,30,9,30,30,7,30,30,30,482,84.56
Alibaba Cloud,qwen_plus_2025_09_11_run5,30,30,30,29,30,26,27,28,28,3,29,30,7,30,30,5,30,30,30,482,84.56
Alibaba Cloud,qwen_plus_2025_09_11_run6,30,30,30,30,30,19,27,29,28,3,29,29,8,30,30,5,30,29,30,476,83.51
Alibaba Cloud,qwen_plus_2025_09_11_run7,30,30,30,30,30,19,27,27,28,4,29,30,8,30,30,7,30,30,30,479,84.04
Alibaba Cloud,qwen_plus_2025_09_11_run8,30,30,30,30,30,25,24,26,27,3,29,29,4,30,28,6,30,30,30,471,82.63
Anthropic,claude_3_5_haiku_20241022_run1,30,30,30,30,30,23,22,28,30,2,26,24,1,12,27,1,27,28,29,430,75.44
Anthropic,claude_3_5_haiku_20241022_run2,30,30,30,30,30,22,20,26,30,2,27,28,2,17,29,1,28,30,29,441,77.37
Anthropic,claude_3_5_haiku_20241022_run3,30,30,30,30,28,18,20,26,30,0,27,26,0,14,29,2,27,29,30,426,74.74
Google AI Studio,gemini_2_0_flash_run1,30,30,18,29,26,22,19,14,15,3,8,12,1,3,25,5,27,0,27,314,55.09
Google AI Studio,gemini_2_0_flash_run2,30,30,20,26,30,26,16,21,17,1,9,12,0,0,29,6,23,0,29,325,57.02
Google AI Studio,gemini_2_0_flash_run3,30,30,23,21,29,22,13,19,10,1,3,10,2,0,27,2,27,0,29,298,52.28
Google AI Studio,gemini_2_0_flash_run4,30,30,18,26,27,28,18,19,15,3,9,13,2,0,24,4,26,0,28,320,56.14
Google AI Studio,gemini_2_0_flash_run5,30,30,21,28,30,25,18,18,19,0,6,13,0,2,30,6,28,0,26,330,57.89
Google AI Studio,gemini_2_0_flash_run6,30,30,22,29,29,28,17,16,16,0,6,10,3,0,28,6,24,0,27,321,56.32
Google AI Studio,gemini_2_0_flash_run7,29,30,21,25,26,23,20,21,19,4,1,9,3,2,26,5,26,0,29,319,55.96
Google AI Studio,gemini_2_0_flash_run8,29,30,22,24,30,26,19,17,11,2,8,12,7,1,27,3,28,0,30,326,57.19
Google AI Studio,gemini_2_0_flashlite_run1,30,29,16,7,16,11,2,7,2,3,6,9,2,25,29,1,30,0,25,250,43.86
Google AI Studio,gemini_2_0_flashlite_run2,30,30,22,5,13,19,4,2,4,1,7,12,0,25,27,1,29,0,23,254,44.56
Google AI Studio,gemini_2_0_flashlite_run3,30,29,18,8,13,17,4,5,5,3,16,14,1,27,29,0,29,0,26,274,48.07
Google AI Studio,gemini_2_0_flashlite_run4,30,29,22,8,11,17,2,5,7,0,9,12,2,24,29,1,28,0,26,262,45.96
Google AI Studio,gemini_2_0_flashlite_run5,30,30,14,8,14,21,2,2,4,2,10,13,0,26,30,0,30,0,27,263,46.14
Google AI Studio,gemini_2_0_flashlite_run6,30,30,18,8,17,13,1,3,3,0,13,16,0,27,28,1,29,0,26,263,46.14
Google AI Studio,gemini_2_0_flashlite_run7,30,29,16,8,11,16,2,2,4,0,9,13,1,28,29,0,30,0,26,254,44.56
Google AI Studio,gemini_2_0_flashlite_run8,30,29,22,6,14,18,2,2,3,2,8,9,0,27,30,0,30,0,27,259,45.44
Google AI Studio,gemini_2_5_flash_run1,30,30,30,30,30,30,19,9,30,9,25,29,1,29,30,2,30,14,30,437,76.67
Google AI Studio,gemini_2_5_flash_run2,30,30,30,30,30,30,17,12,28,15,27,28,3,30,30,2,30,22,30,454,79.65
Google AI Studio,gemini_2_5_flash_run3,30,30,30,30,30,27,22,5,29,11,24,28,1,30,30,1,30,22,29,439,77.02
Google AI Studio,gemini_2_5_flash_run4,30,30,30,30,30,29,15,8,28,12,29,30,3,28,30,0,30,20,30,442,77.54
Google AI Studio,gemini_2_5_flash_run5,30,30,30,30,30,30,15,10,29,12,27,30,1,28,30,1,30,16,30,439,77.02
Google AI Studio,gemini_2_5_flash_run6,30,30,30,30,30,29,21,6,29,15,23,28,0,28,30,3,30,14,30,436,76.49
Google AI Studio,gemini_2_5_flash_run7,30,30,30,30,30,30,18,7,28,7,26,29,2,30,30,0,30,23,30,440,77.19
Google AI Studio,gemini_2_5_flash_run8,30,30,30,30,30,28,17,6,30,11,27,26,2,30,30,3,30,16,30,436,76.49
Google AI Studio,gemini_2_5_flashlite_run1,30,30,13,30,30,26,2,7,0,1,4,19,1,16,30,0,26,0,30,295,51.75
Google AI Studio,gemini_2_5_flashlite_run2,30,30,19,30,30,29,2,10,3,0,2,12,1,14,30,0,26,2,30,300,52.63
Google AI Studio,gemini_2_5_flashlite_run3,30,30,20,30,29,28,0,16,1,0,4,19,0,21,30,2,27,1,30,318,55.79
Google AI Studio,gemini_2_5_flashlite_run4,30,30,17,30,29,27,1,11,3,1,5,13,1,19,30,0,26,0,30,303,53.16
Google AI Studio,gemini_2_5_flashlite_run5,30,30,17,30,30,27,1,13,1,3,5,11,1,18,30,0,29,2,30,308,54.04
Google AI Studio,gemini_2_5_flashlite_run6,30,30,19,30,30,29,1,19,2,0,4,16,1,19,30,1,30,2,30,323,56.67
Google AI Studio,gemini_2_5_flashlite_run7,30,30,17,30,30,25,0,9,0,0,6,15,0,19,30,0,30,1,30,302,52.98
Google AI Studio,gemini_2_5_flashlite_run8,30,30,19,30,30,27,1,7,0,1,2,15,0,18,30,1,30,1,30,302,52.98
Google AI Studio,gemini_2_5_pro,30,30,30,30,30,30,29,16,30,22,29,23,7,29,30,19,30,0,30,474,83.16
Google AI Studio,gemini_2_5_pro_run2,30,30,30,30,30,30,26,20,29,24,29,29,7,30,30,21,30,0,30,485,85.09
Google AI Studio,gemini_2_5_pro_run3,28,30,30,30,30,30,28,17,30,26,30,26,13,27,30,14,30,0,30,479,84.04
Google AI Studio,gemini_2_5_pro_run4,30,30,30,30,30,30,28,12,30,24,29,26,6,30,29,23,30,0,30,477,83.68
Google AI Studio,gemini_2_5_pro_run5,30,30,30,30,30,30,27,15,28,24,30,28,9,29,30,21,30,0,30,481,84.39
Google AI Studio,gemini_2_5_pro_run6,30,30,30,30,30,30,29,16,30,23,30,28,14,30,30,17,30,0,30,487,85.44
Google AI Studio,gemini_2_5_pro_run7,29,30,30,30,30,30,30,15,30,20,29,23,8,30,30,21,30,0,30,475,83.33
Google AI Studio,gemini_2_5_pro_run8,29,30,30,30,30,30,24,16,30,25,30,25,7,27,30,15,30,0,30,468,82.11
Google AI Studio,gemini_3_pro_preview_run1,30,30,30,30,30,30,26,20,30,19,30,30,13,30,30,25,30,7,30,500,87.72
Google AI Studio,gemini_3_pro_preview_run2,30,30,30,30,30,30,25,20,30,20,30,30,18,30,30,22,30,8,30,503,88.25
Google AI Studio,gemini_3_pro_preview_run3,30,30,30,30,30,30,24,19,30,22,30,30,17,30,30,24,30,5,30,501,87.89
Google AI Studio,gemini_3_pro_preview_run4,30,30,30,30,30,30,27,16,30,21,30,30,17,30,30,29,30,4,30,504,88.42
Google AI Studio,gemini_3_pro_preview_run5,30,30,30,30,30,30,27,18,30,24,30,30,13,30,30,23,30,4,30,499,87.54
Google AI Studio,gemini_3_pro_preview_run6,30,30,30,30,30,30,27,16,30,26,30,30,16,30,30,27,30,6,30,508,89.12
Google AI Studio,gemini_3_pro_preview_run7,30,30,30,30,30,30,25,22,30,21,30,30,21,30,30,22,30,6,30,507,88.95
Google AI Studio,gemini_3_pro_preview_run8,30,30,30,30,30,29,22,15,30,19,30,30,16,30,30,22,30,3,30,486,85.26
Intel Gaudi3,mistral_large_instruct_2411_run1,30,29,26,25,30,16,0,0,19,0,7,26,0,23,30,0,30,1,30,322,56.49
Intel Gaudi3,mistral_large_instruct_2411_run2,30,30,25,29,30,23,0,0,24,0,10,30,0,25,30,0,30,2,30,348,61.05
Intel Gaudi3,mistral_large_instruct_2411_run3,30,30,22,29,30,14,0,0,21,2,7,29,0,21,30,1,29,0,30,325,57.02
Intel Gaudi3,mistral_large_instruct_2411_run4,30,30,27,26,30,18,0,0,22,2,8,29,0,19,29,2,30,0,30,332,58.25
Intel Gaudi3,mistral_large_instruct_2411_run5,30,30,29,26,29,21,1,0,25,2,8,28,0,21,30,2,30,2,30,344,60.35
Intel Gaudi3,mistral_large_instruct_2411_run6,30,30,24,29,30,20,1,0,26,0,11,29,1,20,30,0,30,0,30,341,59.82
Intel Gaudi3,mistral_large_instruct_2411_run7,30,30,28,29,30,12,0,0,23,2,10,29,0,21,30,2,30,1,30,337,59.12
Intel Gaudi3,mistral_large_instruct_2411_run8,30,30,28,28,30,18,0,0,23,1,8,30,1,20,30,0,30,0,30,337,59.12
Intel Gaudi3,phi_4_run1,28,27,25,28,21,27,0,0,0,0,1,27,8,26,29,3,30,0,29,309,54.21
Intel Gaudi3,phi_4_run2,30,27,23,25,27,28,1,0,0,0,0,27,7,28,30,7,29,0,30,319,55.96
Intel Gaudi3,phi_4_run3,29,28,23,27,25,26,2,0,0,0,0,27,2,24,30,13,30,0,28,314,55.09
Intel Gaudi3,phi_4_run4,30,27,20,24,25,26,0,0,0,0,1,25,8,26,30,8,30,0,27,307,53.86
Intel Gaudi3,phi_4_run5,30,23,27,27,29,24,0,0,0,0,0,22,3,22,30,5,30,0,30,302,52.98
Intel Gaudi3,phi_4_run6,30,25,28,26,25,28,3,0,0,0,4,25,8,25,30,8,30,0,29,324,56.84
Intel Gaudi3,phi_4_run7,30,27,22,26,29,26,1,0,0,0,2,27,3,24,30,8,30,0,27,312,54.74
Intel Gaudi3,qwen3_235b_a22b_instruct_2507_run1,30,30,30,30,30,30,14,16,29,23,30,26,17,27,30,13,30,30,30,495,86.84
Intel Gaudi3,qwen3_235b_a22b_instruct_2507_run2,30,30,30,30,30,30,19,14,30,25,28,25,19,29,30,21,30,30,30,510,89.47
Intel Gaudi3,qwen3_235b_a22b_instruct_2507_run3,30,30,30,30,30,30,18,18,30,24,29,23,26,25,30,20,30,30,30,513,90.0
Intel Gaudi3,qwen3_235b_a22b_instruct_2507_run4,30,30,30,30,30,30,22,15,29,28,29,17,21,27,30,18,30,30,30,506,88.77
Intel Gaudi3,qwen3_235b_a22b_instruct_2507_run5,30,30,30,30,30,30,16,18,30,24,28,19,22,26,30,14,30,30,30,497,87.19
Intel Gaudi3,qwen3_235b_a22b_instruct_2507_run6,30,30,30,30,30,30,17,17,29,27,29,23,18,25,30,16,30,30,30,501,87.89
Intel Gaudi3,qwen3_235b_a22b_instruct_2507_run7,30,30,30,30,30,30,17,14,30,28,29,15,17,25,30,20,30,30,30,495,86.84
Intel Gaudi3,qwen3_235b_a22b_instruct_2507_run8,30,30,30,30,30,30,16,20,30,22,30,28,23,27,30,19,30,30,30,515,90.35
Intel Gaudi3,qwen3_235b_a22b_run1,30,30,28,26,29,3,1,3,25,19,10,23,15,15,30,15,30,30,30,392,68.77
Intel Gaudi3,qwen3_235b_a22b_run2,30,30,27,29,28,4,0,4,27,12,7,15,14,9,30,19,30,30,30,375,65.79
Intel Gaudi3,qwen3_235b_a22b_run3,30,30,27,29,28,3,2,2,27,18,12,16,18,9,30,19,30,30,30,390,68.42
Intel Gaudi3,qwen3_235b_a22b_run4,30,30,29,28,28,2,3,8,30,14,8,17,9,9,30,14,30,30,30,379,66.49
Intel Gaudi3,qwen3_235b_a22b_run5,30,30,28,30,28,3,1,2,26,12,9,21,11,11,30,19,30,30,30,381,66.84
Intel Gaudi3,qwen3_235b_a22b_run6,30,30,27,29,26,5,4,4,27,18,12,22,12,8,30,12,30,30,30,386,67.72
Intel Gaudi3,qwen3_235b_a22b_run7,30,30,30,28,27,3,1,5,28,19,10,15,16,10,30,16,30,30,30,388,68.07
Intel Gaudi3,qwen3_235b_a22b_run8,30,30,28,29,30,4,3,4,29,15,11,20,15,8,30,18,30,30,30,394,69.12
Intel Gaudi3,qwen3_30b_a3b_instruct_2507_run1,30,30,30,30,7,11,0,5,28,13,20,22,9,30,30,13,30,30,30,398,69.82
Intel Gaudi3,qwen3_30b_a3b_instruct_2507_run2,30,30,30,27,7,11,4,3,29,14,14,22,7,30,30,16,30,30,30,394,69.12
Intel Gaudi3,qwen3_30b_a3b_instruct_2507_run3,30,30,30,30,8,13,1,6,25,13,16,28,8,28,30,13,30,30,30,399,70.0
Intel Gaudi3,qwen3_30b_a3b_instruct_2507_run4,30,30,30,27,11,10,1,4,26,14,16,27,6,28,30,10,30,30,30,390,68.42
Intel Gaudi3,qwen3_30b_a3b_instruct_2507_run5,30,30,30,28,12,13,1,3,23,20,19,25,6,29,30,14,30,30,30,403,70.7
Intel Gaudi3,qwen3_30b_a3b_instruct_2507_run6,30,30,30,28,8,14,2,3,25,17,17,24,5,29,30,14,30,30,30,396,69.47
Intel Gaudi3,qwen3_30b_a3b_instruct_2507_run7,30,30,30,26,7,12,1,3,28,17,15,24,7,29,30,15,30,30,30,394,69.12
Intel Gaudi3,qwen3_30b_a3b_instruct_2507_run8,30,30,30,27,11,10,2,3,28,10,14,23,9,28,30,12,30,30,30,387,67.89
Intel Gaudi3,qwen3_32b_run1,30,30,30,29,30,28,0,0,9,11,11,18,0,15,30,3,30,0,30,334,58.6
Intel Gaudi3,qwen3_32b_run2,30,30,30,30,30,30,0,0,3,9,20,25,0,18,30,4,30,0,30,349,61.23
Intel Gaudi3,qwen3_32b_run3,30,30,30,30,29,28,0,0,8,14,11,25,2,20,30,2,30,0,30,349,61.23
Intel Gaudi3,qwen3_32b_run4,30,30,30,29,30,29,0,0,10,11,14,23,0,17,30,4,30,1,30,348,61.05
Intel Gaudi3,qwen3_32b_run5,30,30,30,30,29,29,0,0,5,11,12,21,1,19,30,3,30,0,30,340,59.65
Intel Gaudi3,qwen3_32b_run6,30,30,30,29,30,27,0,0,9,15,2,26,0,15,30,2,30,0,30,335,58.77
Intel Gaudi3,qwen3_32b_run7,30,30,30,30,30,29,0,0,3,10,13,23,1,16,30,2,30,0,30,337,59.12
Intel Gaudi3,qwen3_32b_run8,30,30,30,30,29,27,0,0,6,12,5,20,1,18,30,2,30,0,30,330,57.89
Intel Gaudi3,qwen3_4b_instruct_2507_run1,30,30,30,23,14,24,1,0,1,0,4,21,6,29,30,5,30,30,30,338,59.3
Intel Gaudi3,qwen3_4b_instruct_2507_run2,30,30,30,23,17,25,1,0,2,0,3,27,5,27,30,4,30,30,30,344,60.35
Intel Gaudi3,qwen3_4b_instruct_2507_run3,30,30,30,17,20,24,0,0,1,1,4,21,9,29,30,2,30,30,30,338,59.3
Intel Gaudi3,qwen3_4b_instruct_2507_run4,30,30,30,21,20,23,0,0,0,0,7,24,11,30,30,5,30,30,30,351,61.58
Intel Gaudi3,qwen3_4b_instruct_2507_run5,30,30,30,19,20,24,0,0,0,1,9,23,4,27,30,5,30,30,30,342,60.0
Intel Gaudi3,qwen3_4b_instruct_2507_run6,30,30,30,26,21,27,0,0,2,0,1,19,5,23,30,4,30,30,30,338,59.3
Intel Gaudi3,qwen3_4b_instruct_2507_run7,30,30,30,22,26,21,1,0,0,1,6,22,7,29,30,5,30,30,30,350,61.4
Intel Gaudi3,qwen3_4b_instruct_2507_run8,30,30,30,23,16,24,0,0,0,0,4,18,8,27,30,5,30,30,30,335,58.77
Kamiwaza,kimi_k2_thinking_run1,29,30,29,19,29,28,25,24,29,20,25,27,16,27,28,15,28,16,22,466,81.75
Kamiwaza,kimi_k2_thinking_run2,30,30,28,18,30,29,28,25,30,19,25,28,15,28,24,13,27,13,15,455,79.82
Kamiwaza,kimi_k2_thinking_run3,29,30,30,20,30,29,24,24,30,15,26,27,16,29,29,11,29,7,14,449,78.77
Kamiwaza,kimi_k2_thinking_run4,30,30,30,16,30,28,23,27,30,15,23,28,12,29,27,16,28,12,19,453,79.47
Kamiwaza,kimi_k2_thinking_run5,29,30,29,17,29,25,26,27,29,16,27,26,16,28,24,20,28,11,15,452,79.3
Kamiwaza,kimi_k2_thinking_run6,30,30,28,14,29,29,26,21,30,13,27,26,18,27,29,16,29,10,21,453,79.47
OpenAI,gpt_4_1_run1,30,30,11,30,30,14,1,0,3,1,1,9,14,22,19,3,28,11,30,287,50.35
OpenAI,gpt_4_1_run2,30,30,4,30,30,18,2,0,0,0,0,4,22,21,22,4,30,6,30,283,49.65
OpenAI,gpt_4_1_run3,30,30,3,30,30,17,1,0,1,1,3,10,14,28,19,3,28,7,30,285,50.0
OpenAI,gpt_4_1_run4,30,30,5,30,30,19,3,1,2,1,0,3,27,27,21,1,30,9,30,299,52.46
OpenAI,gpt_4_1_run5,30,30,3,30,30,18,2,1,1,0,2,8,20,24,19,2,28,6,30,284,49.82
OpenAI,gpt_4_1_run6,30,30,8,30,30,19,2,1,3,1,3,4,25,24,22,2,30,8,30,302,52.98
OpenAI,gpt_4_1_run7,30,30,6,30,30,11,3,0,6,0,4,7,22,24,17,3,28,8,30,289,50.7
OpenAI,gpt_4_1_run8,30,30,2,30,30,13,3,1,6,0,1,5,20,25,21,1,28,10,30,286,50.18
OpenAI,gpt_5_1_medreason_run1,30,30,28,26,28,24,23,18,22,14,23,13,11,27,30,17,27,27,25,443,77.72
OpenAI,gpt_5_1_medreason_run2,30,30,29,28,24,20,25,26,21,16,26,8,15,22,28,21,27,26,21,443,77.72
OpenAI,gpt_5_1_medreason_run3,30,30,30,29,23,18,24,25,20,8,23,8,15,23,27,17,28,29,28,435,76.32
OpenAI,gpt_5_1_medreason_run4,30,30,27,27,25,19,18,25,21,8,24,14,6,18,30,15,30,26,23,416,72.98
OpenAI,gpt_5_1_run1,30,30,24,21,17,5,0,0,3,0,6,6,6,21,21,15,27,13,5,250,43.86
OpenAI,gpt_5_1_run2,30,30,30,23,21,6,0,2,1,0,6,4,9,23,26,11,24,17,3,266,46.67
OpenAI,gpt_5_1_run3,30,30,25,25,22,7,0,0,4,0,7,5,7,23,24,14,24,11,5,263,46.14
OpenAI,gpt_5_1_run4,30,30,27,23,23,9,1,1,1,1,8,7,6,29,29,17,27,11,5,285,50.0
OpenAI,gpt_5_1_run5,30,30,28,23,21,4,0,0,2,1,13,9,6,27,29,16,29,11,2,281,49.3
OpenAI,gpt_5_1_run6,30,30,30,22,26,5,0,0,2,0,9,5,6,27,25,17,28,20,5,287,50.35
OpenAI,gpt_5_1_run7,30,30,27,27,21,8,0,1,3,0,9,3,5,27,26,21,29,18,4,289,50.7
OpenAI,gpt_5_1_run8,30,30,29,25,22,4,0,0,1,1,7,4,9,24,28,11,30,15,6,276,48.42
OpenAI,gpt_5_2_medreason_run1,30,30,30,30,27,26,30,30,29,18,25,15,16,26,29,25,25,23,28,492,86.32
OpenAI,gpt_5_2_medreason_run2,30,30,30,30,28,26,29,26,30,16,29,13,19,27,28,26,30,29,29,505,88.6
OpenAI,gpt_5_2_medreason_run3,30,30,30,30,23,25,30,29,26,19,25,16,16,30,29,24,30,28,29,499,87.54
OpenAI,gpt_5_2_medreason_run4,30,30,30,30,30,26,29,30,30,16,26,17,17,27,30,25,29,29,27,508,89.12
OpenAI,gpt_5_2_medreason_run5,30,30,28,30,28,28,28,30,30,17,27,18,19,30,29,23,29,29,30,513,90.0
OpenAI,gpt_5_2_medreason_run6,30,30,30,29,29,26,28,26,29,21,30,16,22,30,30,28,29,29,29,521,91.4
OpenAI,gpt_5_2_medreason_run7,30,30,30,29,27,25,30,28,30,20,30,16,15,28,29,29,29,30,29,514,90.18
OpenAI,gpt_5_2_medreason_run8,30,30,30,29,29,27,30,30,30,17,26,17,14,29,29,27,30,28,28,510,89.47
OpenAI,gpt_5_medreason_run1,30,30,30,29,30,29,27,26,30,19,30,27,28,30,30,29,30,30,30,544,95.44
OpenAI,gpt_5_medreason_run2,30,30,30,30,30,30,29,27,29,21,30,30,27,30,30,26,30,30,30,549,96.32
OpenAI,gpt_5_medreason_run3,30,30,30,30,30,30,30,27,30,13,30,28,28,30,30,28,30,30,30,544,95.44
OpenAI,gpt_5_medreason_run4,30,30,30,30,30,30,28,25,30,20,30,28,24,30,30,28,30,30,30,543,95.26
OpenAI,gpt_5_medreason_run5,30,30,30,30,30,30,28,26,30,16,30,30,26,30,30,27,30,30,30,543,95.26
OpenAI,gpt_5_medreason_run6,30,30,30,30,30,30,29,26,28,20,30,29,26,30,30,30,30,30,30,548,96.14
OpenAI,gpt_5_medreason_run7,30,30,30,30,30,30,28,26,28,18,29,29,29,30,30,29,30,30,30,546,95.79
OpenAI,gpt_5_medreason_run8,30,30,30,29,30,30,25,27,30,22,30,27,28,30,30,29,30,30,30,547,95.96
OpenAI,gpt_5_mini_medreason_run1,30,30,30,29,30,30,26,18,28,11,20,29,30,18,30,29,30,29,29,506,88.77
OpenAI,gpt_5_mini_medreason_run2,30,30,30,29,29,29,25,13,25,12,16,29,28,18,30,29,30,28,30,490,85.96
OpenAI,gpt_5_mini_medreason_run3,30,30,30,30,30,30,22,12,26,11,20,28,26,19,29,26,28,29,30,486,85.26
OpenAI,gpt_5_mini_medreason_run4,30,30,30,29,30,30,23,15,26,8,19,29,29,15,30,25,30,27,29,484,84.91
OpenAI,gpt_5_mini_medreason_run5,30,30,30,28,29,30,25,17,29,12,21,30,29,16,30,30,30,28,30,504,88.42
OpenAI,gpt_5_mini_medreason_run6,30,30,30,29,30,29,22,17,28,13,18,29,26,22,30,30,30,27,29,499,87.54
OpenAI,gpt_5_mini_medreason_run7,30,30,30,30,28,30,24,16,27,7,16,28,28,14,29,26,30,26,30,479,84.04
OpenAI,gpt_5_mini_medreason_run8,30,30,30,29,29,30,22,18,24,12,15,30,26,13,28,29,29,30,27,481,84.39
OpenAI,gpt_5_nano_medreason_run1,30,30,7,18,14,4,9,0,4,1,6,6,1,6,2,0,9,14,10,171,30.0
OpenAI,gpt_5_nano_medreason_run2,29,30,7,15,10,2,3,5,3,0,4,1,2,5,3,0,7,19,10,155,27.19
OpenAI,gpt_5_nano_medreason_run3,30,30,8,13,12,6,11,3,6,0,2,2,1,5,3,0,5,19,8,164,28.77
OpenAI,gpt_5_nano_medreason_run4,30,30,11,12,10,2,8,0,5,2,3,1,0,10,3,4,4,21,11,167,29.3
OpenAI,gpt_5_nano_medreason_run5,30,30,11,18,8,3,12,3,2,1,5,1,1,6,0,0,9,17,7,164,28.77
OpenAI,gpt_5_nano_medreason_run6,30,30,13,15,11,5,8,0,5,0,2,0,3,6,3,0,7,9,14,161,28.25
OpenAI,gpt_5_nano_medreason_run7,30,30,8,14,11,5,8,2,5,0,3,2,5,10,5,3,6,17,12,176,30.88
OpenAI,gpt_5_nano_medreason_run8,30,30,14,12,7,5,11,4,6,0,3,1,1,5,2,3,4,15,6,159,27.89
